reliability_rank,method,mean_difference,median_difference,std_difference,mean_ratio,median_ratio,avg_correlation,max_correlation,min_correlation,most_similar_method,least_similar_method,top_3_teams,reliability_score
1,IP,0.022763598651903697,0.025980487804878,0.017762015887572754,2.041074451595078,0.9841279552943998,0.6464809384164222,0.9948680351906156,0.2719941348973607,XG-Diff/60,B-Score,uk > saudi_arabia > new_zealand,0.6464809384164222
2,XG-Diff/60,0.49227310202145874,0.5592806163063629,0.38691748223975175,2.0118653691032917,0.972287573897937,0.6445014662756596,0.9948680351906156,0.2620967741935484,IP,B-Score,uk > new_zealand > saudi_arabia,0.6445014662756596
3,Elo-XG,31.84814815401026,35.168168675698325,54.95600158234301,1.0232382646335596,1.0253991695948055,0.6222140762463342,0.9622434017595306,0.1099706744868035,Elo-Basic,B-Score,panama > guatemala > netherlands,0.6222140762463342
4,Elo-Basic,23.056016074200215,27.49921068893275,69.33592091132353,1.0175365741212796,1.0197766347969477,0.5579178885630497,0.9622434017595306,0.04252199413489736,Elo-XG,B-Score,panama > guatemala > netherlands,0.5579178885630497
5,XG/60,0.2210663650972599,0.17592825324443534,0.2900042219148869,1.1130533383959234,1.0831015074118446,0.4857038123167155,0.6074046920821115,0.126099706744868,IP,B-Score,guatemala > usa > france,0.4857038123167155
6,B-Score,2.2985086056692694e-17,0.0,1.300232817347501e-16,1.0000000000000002,1.0,0.1625366568914956,0.2719941348973607,0.04252199413489736,IP,Elo-Basic,brazil > canada > usa,0.1625366568914956
