rank,team,disparity_ratio
1,guatemala,1.3615772470138967
2,usa,1.359664615383793
3,saudi_arabia,1.356010049825889
4,uae,1.350801309739465
5,france,1.3422253027740394
6,iceland,1.3162584636314185
7,singapore,1.2542008506657483
8,new_zealand,1.2320870070050376
9,peru,1.2020060175964113
10,panama,1.199524617502199
